{
  "faithfulness": 0.8555555555555555,
  "answer_relevancy": 0.9867854640654027
}